Datetime,Water Level (m)
2025-04-12 12:00:00,-0.18701425
2025-04-12 13:00:00,-0.33907133
2025-04-12 14:00:00,-0.40455338
2025-04-12 15:00:00,-0.23209658
2025-04-12 16:00:00,-0.0056321817
2025-04-12 17:00:00,0.18520847
2025-04-12 18:00:00,0.37613896
2025-04-12 19:00:00,0.5639114
2025-04-12 20:00:00,0.55749106
2025-04-12 21:00:00,0.3082739
2025-04-12 22:00:00,0.1278431
2025-04-12 23:00:00,-0.060771324
2025-04-13 00:00:00,-0.23822126
2025-04-13 01:00:00,-0.40308517
2025-04-13 02:00:00,-0.5066641
2025-04-13 03:00:00,-0.37899533
2025-04-13 04:00:00,-0.09779126
2025-04-13 05:00:00,0.1077645
2025-04-13 06:00:00,0.32069758
2025-04-13 07:00:00,0.5478713
2025-04-13 08:00:00,0.6323746
2025-04-13 09:00:00,0.44405532
2025-04-13 10:00:00,0.24370252
2025-04-13 11:00:00,0.06756773
2025-04-13 12:00:00,-0.113370545
2025-04-13 13:00:00,-0.27707613
2025-04-13 14:00:00,-0.4043947
2025-04-13 15:00:00,-0.36143437
2025-04-13 16:00:00,-0.08917926
2025-04-13 17:00:00,0.10373482
2025-04-13 18:00:00,0.29936132
2025-04-13 19:00:00,0.50021094
2025-04-13 20:00:00,0.5775747
2025-04-13 21:00:00,0.37213156
2025-04-13 22:00:00,0.17420074
2025-04-13 23:00:00,-0.009410058
2025-04-14 00:00:00,-0.19351028
2025-04-14 01:00:00,-0.3608897
2025-04-14 02:00:00,-0.49043378
2025-04-14 03:00:00,-0.49139217
2025-04-14 04:00:00,-0.22323169
2025-04-14 05:00:00,0.0015961071
2025-04-14 06:00:00,0.22949454
2025-04-14 07:00:00,0.47305888
2025-04-14 08:00:00,0.6544815
2025-04-14 09:00:00,0.5988374
2025-04-14 10:00:00,0.35528362
2025-04-14 11:00:00,0.17426193
2025-04-14 12:00:00,-0.013623706
2025-04-14 13:00:00,-0.18803057
2025-04-14 14:00:00,-0.33647558
2025-04-14 15:00:00,-0.4016735
2025-04-14 16:00:00,-0.2078614
2025-04-14 17:00:00,0.020824492
2025-04-14 18:00:00,0.20759368
2025-04-14 19:00:00,0.3808974
2025-04-14 20:00:00,0.52599245
2025-04-14 21:00:00,0.41841364
2025-04-14 22:00:00,0.21421339
2025-04-14 23:00:00,0.04559276
2025-04-15 00:00:00,-0.13623446
2025-04-15 01:00:00,-0.30620188
2025-04-15 02:00:00,-0.45649284
2025-04-15 03:00:00,-0.5394935
2025-04-15 04:00:00,-0.36634728
2025-04-15 05:00:00,-0.09724618
2025-04-15 06:00:00,0.12064538
2025-04-15 07:00:00,0.34788904
2025-04-15 08:00:00,0.60762674
2025-04-15 09:00:00,0.66557235
2025-04-15 10:00:00,0.47625703
2025-04-15 11:00:00,0.26911357
2025-04-15 12:00:00,0.088663235
2025-04-15 13:00:00,-0.09541896
2025-04-15 14:00:00,-0.2519798
2025-04-15 15:00:00,-0.37479186
2025-04-15 16:00:00,-0.31905812
2025-04-15 17:00:00,-0.06216802
2025-04-15 18:00:00,0.12039367
2025-04-15 19:00:00,0.30971712
2025-04-15 20:00:00,0.47565648
2025-04-15 21:00:00,0.49635395
2025-04-15 22:00:00,0.28061357
2025-04-15 23:00:00,0.116531275
2025-04-16 00:00:00,-0.059356384
2025-04-16 01:00:00,-0.22913729
2025-04-16 02:00:00,-0.38917294
2025-04-16 03:00:00,-0.50929236
2025-04-16 04:00:00,-0.4549118
2025-04-16 05:00:00,-0.19735157
2025-04-16 06:00:00,0.01156118
2025-04-16 07:00:00,0.23675068
2025-04-16 08:00:00,0.4701006
2025-04-16 09:00:00,0.6458638
2025-04-16 10:00:00,0.5811401
2025-04-16 11:00:00,0.34524754
2025-04-16 12:00:00,0.16767147
2025-04-16 13:00:00,-0.011066031
2025-04-16 14:00:00,-0.17862839
2025-04-16 15:00:00,-0.31585333
2025-04-16 16:00:00,-0.35717967
2025-04-16 17:00:00,-0.16547875
2025-04-16 18:00:00,0.02918465
2025-04-16 19:00:00,0.19946907
2025-04-16 20:00:00,0.35198256
2025-04-16 21:00:00,0.4122452
2025-04-16 22:00:00,0.31483385
2025-04-16 23:00:00,0.13649847
2025-04-17 00:00:00,-0.014554652
2025-04-17 01:00:00,-0.17883283
2025-04-17 02:00:00,-0.3359334
2025-04-17 03:00:00,-0.4636848
2025-04-17 04:00:00,-0.50403345
2025-04-17 05:00:00,-0.29490423
2025-04-17 06:00:00,-0.073034465
2025-04-17 07:00:00,0.13882579
2025-04-17 08:00:00,0.34816244
2025-04-17 09:00:00,0.5713776
2025-04-17 10:00:00,0.6438075
2025-04-17 11:00:00,0.46967077
2025-04-17 12:00:00,0.27334327
2025-04-17 13:00:00,0.104915984
2025-04-17 14:00:00,-0.059865296
2025-04-17 15:00:00,-0.211063
2025-04-17 16:00:00,-0.30093524
2025-04-17 17:00:00,-0.22404715
2025-04-17 18:00:00,-0.0084338635
2025-04-17 19:00:00,0.14098954
2025-04-17 20:00:00,0.29539683
2025-04-17 21:00:00,0.39005795
2025-04-17 22:00:00,0.36143637
2025-04-17 23:00:00,0.20775637
2025-04-18 00:00:00,0.05942977
2025-04-18 01:00:00,-0.0910755
2025-04-18 02:00:00,-0.23953234
2025-04-18 03:00:00,-0.36476746
2025-04-18 04:00:00,-0.44098702
2025-04-18 05:00:00,-0.3528646
2025-04-18 06:00:00,-0.11928539
2025-04-18 07:00:00,0.06517174
2025-04-18 08:00:00,0.27010578
2025-04-18 09:00:00,0.46706966
2025-04-18 10:00:00,0.6393929
2025-04-18 11:00:00,0.5833397
2025-04-18 12:00:00,0.38392818
